station_key,day,observed_hours,rental_count,mean_temperature
yeouinaru_exit_1,2023-01-01,24,48,0.33749999999999997
yeouinaru_exit_1,2023-01-02,24,96,-4.379166666666667
yeouinaru_exit_1,2023-01-03,24,81,-4.9624999999999995
yeouinaru_exit_1,2023-01-04,24,114,-1.9083333333333332
yeouinaru_exit_1,2023-01-05,24,112,-1.7166666666666666
yeouinaru_exit_1,2023-01-06,24,111,0.3249999999999999
yeouinaru_exit_1,2023-01-07,24,57,1.7458333333333336
yeouinaru_exit_1,2023-01-08,24,91,0.8958333333333335
yeouinaru_exit_1,2023-01-09,24,154,3.5208333333333326
yeouinaru_exit_1,2023-01-10,24,156,1.4583333333333333
yeouinaru_exit_1,2023-01-11,24,200,2.6875
yeouinaru_exit_1,2023-01-12,24,209,5.316666666666666
yeouinaru_exit_1,2023-01-13,24,28,8.320833333333333
yeouinaru_exit_1,2023-01-14,24,45,7.0125
yeouinaru_exit_1,2023-01-15,24,23,0.36666666666666653
yeouinaru_exit_1,2023-01-16,24,105,-4.237500000000001
yeouinaru_exit_1,2023-01-17,24,112,-3.8708333333333322
yeouinaru_exit_1,2023-01-18,24,106,-1.8041666666666665
yeouinaru_exit_1,2023-01-19,24,113,-0.6958333333333329
yeouinaru_exit_1,2023-01-20,24,47,-2.45
yeouinaru_exit_1,2023-01-21,24,29,-4.879166666666667
yeouinaru_exit_1,2023-01-22,24,37,-0.7083333333333334
yeouinaru_exit_1,2023-01-23,24,59,-0.19999999999999998
yeouinaru_exit_1,2023-01-24,24,5,-13.837499999999999
yeouinaru_exit_1,2023-01-25,24,66,-12.008333333333333
yeouinaru_exit_1,2023-01-26,24,14,-6.2
yeouinaru_exit_1,2023-01-27,24,58,-6.941666666666666
yeouinaru_exit_1,2023-01-28,24,24,-6.091666666666666
yeouinaru_exit_1,2023-01-29,24,72,-2.220833333333333
yeouinaru_exit_1,2023-01-30,24,100,-0.795833333333333
yeouinaru_exit_1,2023-01-31,24,164,1.8291666666666666
yeouinaru_exit_1,2023-02-01,24,101,1.633333333333334
yeouinaru_exit_1,2023-02-02,24,103,-2.3208333333333333
yeouinaru_exit_1,2023-02-03,24,98,-1.5458333333333332
yeouinaru_exit_1,2023-02-04,24,111,-0.33749999999999986
yeouinaru_exit_1,2023-02-05,24,204,1.4416666666666667
yeouinaru_exit_1,2023-02-06,24,180,2.9499999999999997
yeouinaru_exit_1,2023-02-07,24,164,3.4749999999999996
yeouinaru_exit_1,2023-02-08,24,204,2.3875
yeouinaru_exit_1,2023-02-09,24,238,3.5333333333333337
yeouinaru_exit_1,2023-02-10,24,156,4.208333333333334
yeouinaru_exit_1,2023-02-11,24,210,2.783333333333333
yeouinaru_exit_1,2023-02-12,24,203,3.358333333333333
yeouinaru_exit_1,2023-02-13,24,247,6.125
yeouinaru_exit_1,2023-02-14,24,183,1.9291666666666665
yeouinaru_exit_1,2023-02-15,24,241,3.066666666666667
yeouinaru_exit_1,2023-02-16,24,152,2.520833333333334
yeouinaru_exit_1,2023-02-17,24,228,3.1750000000000003
yeouinaru_exit_1,2023-02-18,24,170,5.487500000000001
yeouinaru_exit_1,2023-02-19,24,169,3.945833333333334
yeouinaru_exit_1,2023-02-20,24,145,-0.23750000000000004
yeouinaru_exit_1,2023-02-21,24,158,-1.3249999999999995
yeouinaru_exit_1,2023-02-22,24,203,0.9416666666666672
yeouinaru_exit_1,2023-02-23,24,206,2.6875
yeouinaru_exit_1,2023-02-24,24,151,3.729166666666666
yeouinaru_exit_1,2023-02-25,24,133,0.6916666666666665
yeouinaru_exit_1,2023-02-26,24,275,2.1125
yeouinaru_exit_1,2023-02-27,24,327,4.250000000000001
yeouinaru_exit_1,2023-02-28,24,266,3.908333333333333
yeouinaru_exit_1,2023-03-01,24,278,6.295833333333333
yeouinaru_exit_1,2023-03-02,24,163,2.354166666666667
yeouinaru_exit_1,2023-03-03,24,215,4.145833333333333
yeouinaru_exit_1,2023-03-04,24,397,7.745833333333334
yeouinaru_exit_1,2023-03-05,24,501,8.000000000000002
yeouinaru_exit_1,2023-03-06,24,371,8.8875
yeouinaru_exit_1,2023-03-07,24,367,11.504166666666665
yeouinaru_exit_1,2023-03-08,24,286,12.283333333333337
yeouinaru_exit_1,2023-03-09,24,177,10.725
yeouinaru_exit_1,2023-03-10,24,533,13.12083333333333
yeouinaru_exit_1,2023-03-11,24,885,15.204166666666666
yeouinaru_exit_1,2023-03-12,24,105,7.104166666666667
yeouinaru_exit_1,2023-03-13,24,177,2.5750000000000006
yeouinaru_exit_1,2023-03-14,24,311,8.833333333333334
yeouinaru_exit_1,2023-03-15,24,249,9.129166666666668
yeouinaru_exit_1,2023-03-16,24,220,4.579166666666667
yeouinaru_exit_1,2023-03-17,24,304,6.8500000000000005
yeouinaru_exit_1,2023-03-18,24,520,7.958333333333332
yeouinaru_exit_1,2023-03-19,24,759,8.245833333333332
yeouinaru_exit_1,2023-03-20,24,368,9.275
yeouinaru_exit_1,2023-03-21,24,624,12.645833333333334
yeouinaru_exit_1,2023-03-22,24,528,16.366666666666664
yeouinaru_exit_1,2023-03-23,24,543,17.84583333333333
yeouinaru_exit_1,2023-03-24,24,518,12.666666666666664
yeouinaru_exit_1,2023-03-25,24,920,12.62083333333333
yeouinaru_exit_1,2023-03-26,24,748,9.820833333333331
yeouinaru_exit_1,2023-03-27,24,383,7.287499999999999
yeouinaru_exit_1,2023-03-28,24,548,8.95
yeouinaru_exit_1,2023-03-29,24,607,11.637500000000001
yeouinaru_exit_1,2023-03-30,24,676,13.266666666666667
yeouinaru_exit_1,2023-03-31,24,856,14.737500000000002
yeouinaru_exit_1,2023-04-01,24,1312,17.166666666666668
yeouinaru_exit_1,2023-04-02,24,1406,18.65
yeouinaru_exit_1,2023-04-03,24,1023,18.912499999999998
yeouinaru_exit_1,2023-04-04,24,390,18.079166666666666
yeouinaru_exit_1,2023-04-05,24,35,12.095833333333331
yeouinaru_exit_1,2023-04-06,24,114,8.966666666666667
yeouinaru_exit_1,2023-04-07,24,444,9.1125
yeouinaru_exit_1,2023-04-08,24,651,8.520833333333334
yeouinaru_exit_1,2023-04-09,24,720,10.4875
yeouinaru_exit_1,2023-04-10,24,463,12.7875
yeouinaru_exit_1,2023-04-11,24,225,13.35
yeouinaru_exit_1,2023-04-12,24,272,10.158333333333333
yeouinaru_exit_1,2023-04-13,24,255,11.633333333333333
yeouinaru_exit_1,2023-04-14,24,453,15.825000000000003
yeouinaru_exit_1,2023-04-15,24,314,13.875000000000002
yeouinaru_exit_1,2023-04-16,24,397,10.879166666666665
yeouinaru_exit_1,2023-04-17,24,379,12.7125
yeouinaru_exit_1,2023-04-18,24,217,14.112499999999999
yeouinaru_exit_1,2023-04-19,24,483,18.5375
yeouinaru_exit_1,2023-04-20,24,262,16.15833333333333
yeouinaru_exit_1,2023-04-21,24,581,16.608333333333334
yeouinaru_exit_1,2023-04-22,24,844,17.008333333333336
yeouinaru_exit_1,2023-04-23,24,801,16.15833333333334
yeouinaru_exit_1,2023-04-24,24,470,16.183333333333337
yeouinaru_exit_1,2023-04-25,24,107,11.04166666666667
yeouinaru_exit_1,2023-04-26,24,342,10.225
yeouinaru_exit_1,2023-04-27,24,536,12.50416666666667
yeouinaru_exit_1,2023-04-28,24,560,15.175000000000002
yeouinaru_exit_1,2023-04-29,24,117,13.670833333333334
yeouinaru_exit_1,2023-04-30,24,629,12.479166666666671
yeouinaru_exit_1,2023-05-01,24,988,14.570833333333333
yeouinaru_exit_1,2023-05-02,24,688,16.529166666666665
yeouinaru_exit_1,2023-05-03,24,638,19.166666666666668
yeouinaru_exit_1,2023-05-04,24,458,21.087500000000002
yeouinaru_exit_1,2023-05-05,24,25,18.92916666666667
yeouinaru_exit_1,2023-05-06,24,82,12.883333333333333
yeouinaru_exit_1,2023-05-07,24,537,14.59166666666667
yeouinaru_exit_1,2023-05-08,24,623,15.016666666666666
yeouinaru_exit_1,2023-05-09,24,456,16.770833333333332
yeouinaru_exit_1,2023-05-10,24,521,18.320833333333336
yeouinaru_exit_1,2023-05-11,24,496,19.537499999999998
yeouinaru_exit_1,2023-05-12,24,536,18.487500000000004
yeouinaru_exit_1,2023-05-13,24,806,17.683333333333334
yeouinaru_exit_1,2023-05-14,24,1115,18.11666666666667
yeouinaru_exit_1,2023-05-15,24,675,20.28333333333334
yeouinaru_exit_1,2023-05-16,24,473,23.787500000000005
yeouinaru_exit_1,2023-05-17,24,531,23.40416666666667
yeouinaru_exit_1,2023-05-18,24,421,21.7375
yeouinaru_exit_1,2023-05-19,24,670,22.279166666666672
yeouinaru_exit_1,2023-05-20,24,931,21.454166666666666
yeouinaru_exit_1,2023-05-21,24,749,17.933333333333334
yeouinaru_exit_1,2023-05-22,24,589,20.2
yeouinaru_exit_1,2023-05-23,24,521,20.558333333333334
yeouinaru_exit_1,2023-05-24,24,474,20.529166666666665
yeouinaru_exit_1,2023-05-25,24,502,21.1375
yeouinaru_exit_1,2023-05-26,24,630,21.229166666666664
yeouinaru_exit_1,2023-05-27,24,84,19.441666666666666
yeouinaru_exit_1,2023-05-28,24,10,19.154166666666665
yeouinaru_exit_1,2023-05-29,24,685,23.004166666666666
yeouinaru_exit_1,2023-05-30,24,555,24.095833333333335
yeouinaru_exit_1,2023-05-31,24,473,22.858333333333334
yeouinaru_exit_1,2023-06-01,24,495,22.666666666666668
yeouinaru_exit_1,2023-06-02,24,588,20.520833333333336
yeouinaru_exit_1,2023-06-03,24,959,21.941666666666666
yeouinaru_exit_1,2023-06-04,24,874,21.970833333333335
yeouinaru_exit_1,2023-06-05,24,687,21.533333333333335
yeouinaru_exit_1,2023-06-06,24,824,20.479166666666668
yeouinaru_exit_1,2023-06-07,24,514,21.26666666666667
yeouinaru_exit_1,2023-06-08,24,297,20.658333333333335
yeouinaru_exit_1,2023-06-09,24,479,22.92916666666667
yeouinaru_exit_1,2023-06-10,24,406,23.25
yeouinaru_exit_1,2023-06-11,24,579,22.054166666666664
yeouinaru_exit_1,2023-06-12,24,492,22.216666666666665
yeouinaru_exit_1,2023-06-13,24,396,22.13333333333333
yeouinaru_exit_1,2023-06-14,24,366,20.775000000000006
yeouinaru_exit_1,2023-06-15,24,437,22.55
yeouinaru_exit_1,2023-06-16,24,500,23.616666666666664
yeouinaru_exit_1,2023-06-17,24,138,24.1125
yeouinaru_exit_1,2023-06-18,24,494,25.758333333333336
yeouinaru_exit_1,2023-06-19,24,459,28.38333333333333
yeouinaru_exit_1,2023-06-20,24,352,24.987499999999997
yeouinaru_exit_1,2023-06-21,24,166,20.604166666666668
yeouinaru_exit_1,2023-06-22,24,495,22.39166666666667
yeouinaru_exit_1,2023-06-23,24,463,24.23333333333333
yeouinaru_exit_1,2023-06-24,24,524,26.349999999999998
yeouinaru_exit_1,2023-06-25,24,512,27.96666666666667
yeouinaru_exit_1,2023-06-26,24,99,24.504166666666674
yeouinaru_exit_1,2023-06-27,24,426,25.200000000000006
yeouinaru_exit_1,2023-06-28,24,474,26.412499999999998
yeouinaru_exit_1,2023-06-29,24,33,24.545833333333334
yeouinaru_exit_1,2023-06-30,24,251,25.275000000000002
yeouinaru_exit_1,2023-07-01,24,527,27.575000000000003
yeouinaru_exit_1,2023-07-02,24,564,26.700000000000003
yeouinaru_exit_1,2023-07-03,24,408,28.945833333333336
yeouinaru_exit_1,2023-07-04,24,132,26.354166666666668
yeouinaru_exit_1,2023-07-05,24,529,24.533333333333335
yeouinaru_exit_1,2023-07-06,24,412,27.054166666666664
yeouinaru_exit_1,2023-07-07,24,578,26.91666666666667
yeouinaru_exit_1,2023-07-08,24,588,25.545833333333338
yeouinaru_exit_1,2023-07-09,24,314,24.629166666666674
yeouinaru_exit_1,2023-07-10,24,244,26.3875
yeouinaru_exit_1,2023-07-11,24,49,23.82083333333333
yeouinaru_exit_1,2023-07-12,24,372,25.516666666666666
yeouinaru_exit_1,2023-07-13,24,55,25.387499999999992
yeouinaru_exit_1,2023-07-14,24,18,24.562499999999996
yeouinaru_exit_1,2023-07-15,24,75,24.57083333333333
yeouinaru_exit_1,2023-07-16,24,137,24.479166666666668
yeouinaru_exit_1,2023-07-17,24,207,25.420833333333338
yeouinaru_exit_1,2023-07-18,24,216,25.245833333333326
yeouinaru_exit_1,2023-07-19,24,363,27.05416666666667
yeouinaru_exit_1,2023-07-20,24,350,27.895833333333332
yeouinaru_exit_1,2023-07-21,24,307,29.29166666666667
yeouinaru_exit_1,2023-07-22,24,111,27.870833333333337
yeouinaru_exit_1,2023-07-23,24,54,25.170833333333334
yeouinaru_exit_1,2023-07-24,24,329,26.812499999999996
yeouinaru_exit_1,2023-07-25,24,238,27.74166666666667
yeouinaru_exit_1,2023-07-26,24,279,27.599999999999998
yeouinaru_exit_1,2023-07-27,24,291,28.295833333333334
yeouinaru_exit_1,2023-07-28,24,248,29.450000000000014
yeouinaru_exit_1,2023-07-29,24,347,29.16666666666667
yeouinaru_exit_1,2023-07-30,24,113,28.670833333333334
yeouinaru_exit_1,2023-07-31,24,242,28.41666666666666
yeouinaru_exit_1,2023-08-01,24,273,29.841666666666665
yeouinaru_exit_1,2023-08-02,24,287,29.775000000000006
yeouinaru_exit_1,2023-08-03,24,215,29.400000000000002
yeouinaru_exit_1,2023-08-04,24,261,29.987500000000008
yeouinaru_exit_1,2023-08-05,24,339,30.212499999999995
yeouinaru_exit_1,2023-08-06,24,276,29.499999999999996
yeouinaru_exit_1,2023-08-07,24,269,30.57083333333334
yeouinaru_exit_1,2023-08-08,24,245,30.908333333333335
yeouinaru_exit_1,2023-08-09,24,295,28.762500000000003
yeouinaru_exit_1,2023-08-10,24,6,22.549999999999997
yeouinaru_exit_1,2023-08-11,24,64,23.30416666666666
yeouinaru_exit_1,2023-08-12,24,421,23.40416666666667
yeouinaru_exit_1,2023-08-13,24,497,26.66666666666667
yeouinaru_exit_1,2023-08-14,24,524,28.05416666666667
yeouinaru_exit_1,2023-08-15,24,403,28.34166666666667
yeouinaru_exit_1,2023-08-16,24,384,27.558333333333334
yeouinaru_exit_1,2023-08-17,24,296,28.037500000000005
yeouinaru_exit_1,2023-08-18,24,369,29.04166666666666
yeouinaru_exit_1,2023-08-19,24,455,29.0625
yeouinaru_exit_1,2023-08-20,24,465,28.200000000000003
yeouinaru_exit_1,2023-08-21,24,358,29.325000000000003
yeouinaru_exit_1,2023-08-22,24,98,28.070833333333336
yeouinaru_exit_1,2023-08-23,24,66,25.02916666666667
yeouinaru_exit_1,2023-08-24,24,295,24.924999999999997
yeouinaru_exit_1,2023-08-25,24,378,26.52916666666667
yeouinaru_exit_1,2023-08-26,24,639,26.44583333333333
yeouinaru_exit_1,2023-08-27,24,533,26.025000000000006
yeouinaru_exit_1,2023-08-28,24,118,22.7625
yeouinaru_exit_1,2023-08-29,24,89,24.045833333333334
yeouinaru_exit_1,2023-08-30,24,116,22.945833333333336
yeouinaru_exit_1,2023-08-31,24,585,23.825000000000003
yeouinaru_exit_1,2023-09-01,24,654,24.3875
yeouinaru_exit_1,2023-09-02,24,811,25.108333333333334
yeouinaru_exit_1,2023-09-03,24,602,25.599999999999998
yeouinaru_exit_1,2023-09-04,24,408,27.016666666666662
yeouinaru_exit_1,2023-09-05,24,314,28.40833333333333
yeouinaru_exit_1,2023-09-06,24,364,27.941666666666666
yeouinaru_exit_1,2023-09-07,24,249,26.316666666666674
yeouinaru_exit_1,2023-09-08,24,454,25.250000000000004
yeouinaru_exit_1,2023-09-09,24,749,25.74999999999999
yeouinaru_exit_1,2023-09-10,24,740,25.658333333333328
yeouinaru_exit_1,2023-09-11,24,485,25.52083333333334
yeouinaru_exit_1,2023-09-12,24,360,25.4875
yeouinaru_exit_1,2023-09-13,24,53,22.5
yeouinaru_exit_1,2023-09-14,24,430,23.016666666666666
yeouinaru_exit_1,2023-09-15,24,154,22.3875
yeouinaru_exit_1,2023-09-16,24,184,23.90416666666667
yeouinaru_exit_1,2023-09-17,24,472,24.537499999999998
yeouinaru_exit_1,2023-09-18,24,427,24.80416666666667
yeouinaru_exit_1,2023-09-19,24,371,23.991666666666664
yeouinaru_exit_1,2023-09-20,24,25,21.020833333333336
yeouinaru_exit_1,2023-09-21,24,378,20.12083333333333
yeouinaru_exit_1,2023-09-22,24,673,20.2625
yeouinaru_exit_1,2023-09-23,24,839,21.704166666666666
yeouinaru_exit_1,2023-09-24,24,806,21.729166666666668
yeouinaru_exit_1,2023-09-25,24,331,21.587500000000006
yeouinaru_exit_1,2023-09-26,24,34,19.870833333333326
yeouinaru_exit_1,2023-09-27,24,312,21.433333333333337
yeouinaru_exit_1,2023-09-28,24,494,22.662499999999998
yeouinaru_exit_1,2023-09-29,24,550,21.220833333333335
yeouinaru_exit_1,2023-09-30,24,509,19.875000000000004
yeouinaru_exit_1,2023-10-01,24,854,18.400000000000002
yeouinaru_exit_1,2023-10-02,24,1134,18.212500000000002
yeouinaru_exit_1,2023-10-03,24,814,17.441666666666666
yeouinaru_exit_1,2023-10-04,24,233,17.400000000000002
yeouinaru_exit_1,2023-10-05,24,284,14.29166666666667
yeouinaru_exit_1,2023-10-06,24,508,15.3125
yeouinaru_exit_1,2023-10-07,24,62,16.662499999999998
yeouinaru_exit_1,2023-10-08,24,503,17.099999999999998
yeouinaru_exit_1,2023-10-09,24,495,17.525000000000002
yeouinaru_exit_1,2023-10-10,24,470,16.983333333333334
yeouinaru_exit_1,2023-10-11,24,473,17.620833333333337
yeouinaru_exit_1,2023-10-12,24,421,17.395833333333332
yeouinaru_exit_1,2023-10-13,24,387,17.616666666666667
yeouinaru_exit_1,2023-10-14,24,367,14.950000000000001
yeouinaru_exit_1,2023-10-15,24,657,15.720833333333333
yeouinaru_exit_1,2023-10-16,24,364,15.191666666666668
yeouinaru_exit_1,2023-10-17,24,263,13.658333333333337
yeouinaru_exit_1,2023-10-18,24,285,15.166666666666666
yeouinaru_exit_1,2023-10-19,24,165,17.2625
yeouinaru_exit_1,2023-10-20,24,299,12.258333333333333
yeouinaru_exit_1,2023-10-21,24,359,10.391666666666666
yeouinaru_exit_1,2023-10-22,24,423,12.095833333333337
yeouinaru_exit_1,2023-10-23,24,473,15.100000000000003
yeouinaru_exit_1,2023-10-24,24,273,15.333333333333334
yeouinaru_exit_1,2023-10-25,24,304,16.483333333333334
yeouinaru_exit_1,2023-10-26,24,257,17.399999999999995
yeouinaru_exit_1,2023-10-27,24,504,15.729166666666666
yeouinaru_exit_1,2023-10-28,24,497,14.275
yeouinaru_exit_1,2023-10-29,24,502,14.741666666666667
yeouinaru_exit_1,2023-10-30,24,386,14.941666666666668
yeouinaru_exit_1,2023-10-31,24,295,16.1375
yeouinaru_exit_1,2023-11-01,24,263,18.812499999999996
yeouinaru_exit_1,2023-11-02,24,407,20.929166666666667
yeouinaru_exit_1,2023-11-03,24,201,19.537499999999998
yeouinaru_exit_1,2023-11-04,24,514,17.445833333333336
yeouinaru_exit_1,2023-11-05,24,102,17.175
yeouinaru_exit_1,2023-11-06,24,81,14.441666666666663
yeouinaru_exit_1,2023-11-07,24,150,6.120833333333331
yeouinaru_exit_1,2023-11-08,24,229,7.925
yeouinaru_exit_1,2023-11-09,24,147,11.433333333333335
yeouinaru_exit_1,2023-11-10,24,146,4.116666666666667
yeouinaru_exit_1,2023-11-11,24,108,1.6541666666666666
yeouinaru_exit_1,2023-11-12,24,78,1.25
yeouinaru_exit_1,2023-11-13,24,141,1.8791666666666667
yeouinaru_exit_1,2023-11-14,24,228,4.579166666666666
yeouinaru_exit_1,2023-11-15,24,210,6.870833333333334
yeouinaru_exit_1,2023-11-16,24,49,6.783333333333332
yeouinaru_exit_1,2023-11-17,24,102,2.3291666666666666
yeouinaru_exit_1,2023-11-18,24,58,0.3499999999999997
yeouinaru_exit_1,2023-11-19,24,133,5.620833333333334
yeouinaru_exit_1,2023-11-20,24,178,6.216666666666668
yeouinaru_exit_1,2023-11-21,24,226,7.254166666666667
yeouinaru_exit_1,2023-11-22,24,180,8.895833333333334
yeouinaru_exit_1,2023-11-23,24,144,10.741666666666665
yeouinaru_exit_1,2023-11-24,24,119,-0.9583333333333334
yeouinaru_exit_1,2023-11-25,24,74,-1.6416666666666666
yeouinaru_exit_1,2023-11-26,24,85,3.599999999999999
yeouinaru_exit_1,2023-11-27,24,107,6.2749999999999995
yeouinaru_exit_1,2023-11-28,24,109,1.7166666666666661
yeouinaru_exit_1,2023-11-29,24,94,-1.1499999999999997
yeouinaru_exit_1,2023-11-30,24,90,-4.154166666666667
yeouinaru_exit_1,2023-12-01,24,101,-3.4208333333333343
yeouinaru_exit_1,2023-12-02,24,69,1.5166666666666666
yeouinaru_exit_1,2023-12-03,24,73,1.0166666666666664
yeouinaru_exit_1,2023-12-04,24,133,2.404166666666667
yeouinaru_exit_1,2023-12-05,24,162,6.675
yeouinaru_exit_1,2023-12-06,24,70,6.116666666666668
yeouinaru_exit_1,2023-12-07,24,176,6.412499999999999
yeouinaru_exit_1,2023-12-08,24,152,10.725000000000001
yeouinaru_exit_1,2023-12-09,24,234,13.841666666666667
yeouinaru_exit_1,2023-12-10,24,188,11.354166666666671
yeouinaru_exit_1,2023-12-11,24,21,9.529166666666669
yeouinaru_exit_1,2023-12-12,24,138,5.5
yeouinaru_exit_1,2023-12-13,24,195,6.408333333333334
yeouinaru_exit_1,2023-12-14,24,37,7.808333333333334
yeouinaru_exit_1,2023-12-15,24,15,5.150000000000001
yeouinaru_exit_1,2023-12-16,24,24,-2.9125
yeouinaru_exit_1,2023-12-17,24,14,-9.754166666666665
yeouinaru_exit_1,2023-12-18,24,34,-7.999999999999999
yeouinaru_exit_1,2023-12-19,24,65,-3.991666666666667
yeouinaru_exit_1,2023-12-20,24,31,-6.687499999999999
yeouinaru_exit_1,2023-12-21,24,44,-11.687499999999998
yeouinaru_exit_1,2023-12-22,24,26,-11.733333333333334
yeouinaru_exit_1,2023-12-23,24,30,-7.2625
yeouinaru_exit_1,2023-12-24,24,10,-2.3624999999999994
yeouinaru_exit_1,2023-12-25,24,51,-0.5958333333333334
yeouinaru_exit_1,2023-12-26,24,60,1.5875000000000004
yeouinaru_exit_1,2023-12-27,24,98,1.5083333333333335
yeouinaru_exit_1,2023-12-28,24,92,1.1375000000000004
yeouinaru_exit_1,2023-12-29,24,97,1.5416666666666667
yeouinaru_exit_1,2023-12-30,24,2,0.4583333333333333
yeouinaru_exit_1,2023-12-31,22,29,2.4045454545454548
